WELL NAME;INFECTION 1;INFECTION 2;INFECTION 3;INFECTION 4;REINFECTION 1;REINFECTION 2;REINFECTION 3;REINFECTION 4;REINFECTION 5;REINFECTION 6
A1- MOCK;0;0;0;0;0;0;0;0;0;0
A2- MOCK;0;0;0;0;0;0;0;0;0;0
A3- MOCK;0;0;0;0;0;0;0;0;0;0
A4- MOCK;0;0,01;0;0;0;0;0;0;0;0
A5- MOCK;0;0;0;0;0;0;0;0;0;0
A6- MOCK;0;0;0;0;0;0;0;0;0;0
A7- inf;0,7;0,62;0,92;1,04;0,61;0,31;0,84;1,01;1,12;0,98
A8- VMP1;0,01;0,07;0,08;0,03;0;0;0;0,2;0,04;0
A9- PLK;0,45;0,4;0,53;0,66;0,44;0,26;0,32;0,79;0,92;0,78
A10- PLK;0,23;0,43;0,7;1,14;0,66;0,35;0,45;0,9;0,99;1,02
A11- PLK;0,01;0,7;0,83;0,91;0,09;0,04;0,01;0,93;0,84;0,53
A12- inf;0,01;1,06;0,4;0,98;0,12;0,06;0,08;0,85;0,89;0,72
B1- ACE2 (esterno);0,04;0,24;0,01;0,29;0,22;0,51;0,31;0,37;0,7;0,52
B2- empty;0,37;0,99;0,32;0,75;0,97;1,03;1,24;1,17;1,02;1,06
B3- empty;0,43;0,67;0,62;0,63;1,03;1,43;1,27;1,11;1,02;0,76
B4- ACTB;0,58;1,09;0,88;1,68;0,99;1,16;1,3;0,91;0,89;0,9
B5- SLC12A4;0,54;0,16;0,66;0,63;0,76;1,04;1,16;0,98;0,99;0,95
B6- USP19;0,85;0,87;0,97;1,42;1,2;0,52;1,29;1;0,98;0,99
B7- EPN1;0,32;0,1;0,37;0,19;0,12;0,09;0,38;0,34;0,41;0,92
B8- SEC13;0,5;0,94;0,84;1,24;0,87;1,39;1;0,76;0,86;0,96
B9- UBAP1;1,18;0,94;1,16;1,64;1,06;0,82;1,23;0,53;0,99;0,92
B10- OGT;0,94;0,51;0,81;1,42;0,27;0,3;0,48;0,74;0,85;1,07
B11- PFKFB3;1,2;1,14;1,19;1,67;0,59;1,26;0,73;1,08;1,15;0,98
B12- NT (esterno);0,65;1,09;1,01;1,39;0,75;0,86;0,43;1,03;0,94;0,83
C1- ACE2 (esterno);0,05;0,14;0,13;0,21;0,03;0,1;0,04;0,38;0,24;0,29
C2- BCR;0,73;0,76;0,91;1,08;1,1;1,47;1,2;1,1;0,92;1,01
C3- HGS;1,18;0,66;1,07;1,38;1,03;1,47;1,53;1,18;0,96;1,06
C4- NT;0,84;1,03;1,01;0,97;1;1,13;1,49;1,2;1,18;1,17
C5- ABCC1;0,82;1,08;1,09;1,44;0,21;0,47;1,07;1,06;1,1;0,87
C6- SLC12A2;0,95;0,94;1,18;1,51;0,91;0,63;1,26;1,14;1,11;1,17
C7- SEPT6;0,62;0,5;0,54;0,78;0,82;0,3;0,9;0,15;0,4;0,97
C8- ADAM10;0,84;0,48;0,46;1,16;0,49;0,95;0,95;0,58;0,66;0,87
C9- CTNNB1;0,99;0,97;0,94;1,13;0,58;0,85;0,95;0,53;0,98;0,91
C10- F2R;0,93;0,68;0,95;1,33;0,98;0,35;0,91;0,43;0,82;0,92
C11- JUP;1,14;0,78;1,04;1,25;0,74;1,29;0,68;0,68;0,82;0,91
C12- NT (esterno);0,54;0,94;0,87;1,1;0,58;0,55;0,8;0;0,95;0,88
D1- ACE2 (esterno);0,02;0,09;0,07;0,16;0,41;0,43;0,04;0,3;0,23;0,13
D2- PRKD1;0,55;1,01;0,78;1,51;1,24;1,43;1,56;1,26;1,29;1,22
D3- MINK1;0,52;1,05;1,1;1,59;0,55;0,94;1,55;1,14;1,2;1,19
D4- ANTXR1;0,87;1,08;1,05;1,46;1,06;1,35;1,4;0,99;1,12;1,2
D5- DIP2A;0,52;0,99;0,82;1,09;0,3;0,65;1,31;0,91;0,6;0,88
D6- SEC24A;0,41;0,65;0,7;0,74;0,36;0,05;1,19;0,68;0,72;0,99
D7- ACE2;0,08;0,02;0,07;0,11;0,27;0,01;0,06;0,1;0,01;0,64
D8- SLC12A7;0,79;0,94;1,03;1,4;0,17;0,97;1,05;0,24;0,14;0,85
D9- UBE2F;0,83;1,1;1,19;1,45;0,22;0,03;0,84;0,23;0,58;1,09
D10- XPO1;0,3;0,55;0,46;1,49;0,3;0,13;0,88;0,57;0,72;1,07
D11- PNPO;0,94;1,16;1,16;1,58;0,91;1,16;1,01;0,41;1,14;1,07
D12- NT (esterno);0,92;0,85;0,83;1,42;1,07;1,38;0,95;0,94;1,06;1
E1- NT (esterno);0,71;1,07;0,95;1,51;0,96;1,12;1;1,14;1,14;1,2
E2- GUK1;0,08;0,48;0,46;0,66;0,53;0,18;1;0,47;0,42;0,35
E3- MAP2K4;0,85;1,1;1,06;1,46;0,97;1,45;1,6;1;1,14;1,04
E4- ATP6V1F;0,96;1,22;1,08;1,37;1,05;1,31;1,59;0,76;0,62;1,04
E5- DPY30;0,73;1,04;0,83;1,08;0,64;1,18;1,41;0,29;0,5;1,05
E6- ERCC6L;0,98;1,01;0,71;1,1;0,14;0,19;1,13;0,44;0,27;0,66
E7- LSM7;0,19;0,72;0,17;0,9;0,75;0;0,99;0,34;0,14;0,68
E8- PFKFB4;0,71;1,11;1,05;1,19;0,72;0,55;1,28;0,45;0,38;0,81
E9- PPIH;0,9;0,95;0,44;1,33;0,26;0,02;0,76;0,34;0,39;1,09
E10- SOD1;0,54;0,56;0,83;1,25;0,53;0,05;0,91;0,02;0,43;1,04
E11- STAM2;0,85;0,89;0,74;1,17;1,22;0,55;0,74;0,64;1,08;1,04
E12- ACE2 (esterno);0,12;0,28;0,1;0,15;0,24;0,18;0,18;0,12;0,57;0,13
F1- NT (esterno);0,75;0,93;0,55;1,29;1,14;1,16;1,28;0,97;0,97;1,1
F2- CNOT2;0,82;0,68;0,74;0,68;0,25;0,9;1,39;0,4;0,52;0,73
F3- DRG1;0,7;0,91;0,99;1,3;1,15;1,6;1,69;0,68;1,14;1,07
F4- SEC24B;1,1;0,83;1,02;1,1;1,02;1,42;1,57;0,97;1,08;1,1
F5- TOP3B;0,7;0,89;0,44;1,09;0,23;1;1,29;0,83;0,92;0,47
F6- ZC3H15;1,05;1,22;1,13;1,38;0,9;0,63;1,41;0,93;0,81;1,09
F7- ALDH3B1;0,34;0,42;0,3;0,37;0,97;0,38;1,18;0,01;0,33;0,83
F8- TMED4;0,54;0,87;0,36;1,29;0,67;1,31;1,01;0,4;1,04;1
F9- SEPT10;1,06;0,94;1,15;1,29;0,6;0,65;1,24;0,52;0,28;1,07
F10- NT;1;1;0,7;1,03;1,03;0,36;1,14;0,36;0,52;0,97
F11- ABCC3;0,53;0,61;0,75;1,32;0,99;1,3;1,06;0,76;0,92;0,86
F12- ACE2 (esterno);0,08;0,25;0,09;0,07;0,11;0,05;0;0,36;0,14;0,07
G1- NT (esterno);0,5;0,59;0,76;1,35;1,1;1;1,04;1,22;1,23;1,06
G2- CAV1;0,79;0,6;1,07;1,38;1,23;1,57;1,62;1,17;1,21;1,25
G3- CDK17;0,78;0,94;0,4;0,99;1,15;1,19;1,43;0,61;0,54;0,85
G4- DTX3L;0,75;0,85;0,43;1,41;0,89;0,58;1,56;1,12;1,15;1,02
G5- VPS33A;0,86;1;0,45;1,31;1,15;1,27;1,56;1,21;1,19;1,03
G6- BLMH;0,99;0,33;0,86;1,41;0,49;0,73;1,43;0,98;1,25;1,11
G7- ME3;0,9;0,97;0,57;1,34;1,05;0,4;1,46;0,62;0,62;0,88
G8- TCIRG1;1,01;1,11;1,03;1;0,84;1,06;1,43;0,57;1,04;1,1
G9- ADCY9;0,73;0,2;0,21;0,55;0,62;0,65;1,22;0,76;1,11;0,93
G10- ARL8B;0,44;0,39;0,73;1,21;0,96;0,1;1,25;0,68;1,09;1,19
G11- NT;1,04;0,79;1;0,58;0,43;0,49;0,94;0,39;1;0,55
G12- ACE2 (esterno);0,18;0,12;0,17;0,09;0,18;0,23;0,18;0,25;0,02;0,27
H1- inf;0,79;0,2;0,31;0,75;1,14;1,52;1,75;0,37;0,88;0,42
H2- PLK;1,01;0,39;0,62;0,92;1,16;1,27;1,39;0,32;0,7;0,99
H3- PLK;0,52;0,78;0,96;0,34;1,04;0,97;1,02;0,69;0,66;0,58
H4- PLK;0,76;0,8;0,52;1,08;0,86;1,12;1,29;0,82;0,65;0,94
H5- inf;0,69;0,74;0,81;1,26;0,96;1,08;1,39;0,94;1,02;1,07
H6- inf;0,71;0,93;0,42;1,02;0,92;0,95;1,28;0,95;1,17;1,06
H7- MOCK;0;0;0;0;0;0;0;0;0;0
H8- MOCK;0;0;0;0;0;0;0;0;0;0
H9- MOCK;0;0;0;0;0;0;0;0;0;0
H10- MOCK;0;0;0;0;0;0;0;0;0;0
H11- MOCK;0,01;0;0;0;0;0;0;0;0;0
H12- MOCK;0;0;0;0,01;0;0;0;0;0;0
A1- MOCK;0;0,01;0;0;0;0;0;0;0;0
A2- MOCK;0,01;0;0;0;0;0;0;0;0;0
A3- MOCK;0;0;0;0;0;0;0;0;0;0
A4- MOCK;0,01;0,01;0;0;0;0;0;0;0;0
A5- MOCK;0;0;0;0,03;0;0;0;0;0;0
A6- MOCK;0;0;0;0;0;0;0;0;0;0
A7- inf;0,64;1,35;0,73;1,51;0,61;1,16;1,11;1,32;0,56;1,73
A8- inf;0,9;1,22;0,87;0,6;1,54;0,67;0,98;0,69;1,06;0,66
A9- PLK;0,79;1,53;1,2;1,39;0,29;0,54;0,64;0,66;1,02;0,98
A10- PLK;0,68;0,97;0,74;1,21;0,31;0,28;0,18;1,06;0,2;0,61
A11- PLK;0,49;1,22;0,37;0,84;1,23;0,81;0,87;0,13;0,16;0,24
A12- inf;0,97;1,17;0,88;1,35;0,8;0,94;0,85;0,56;1,24;0,44
B1- ACE2 (esterno);0,09;0,11;0,02;0,05;0,05;0,1;0,18;0,16;0,16;0,05
B2- DHRS4;0,67;1,7;0,71;0,47;1,64;0,45;0,88;1,94;2,36;1,88
B3- CHD3;1,05;1,82;0,53;1,7;1,45;0,42;1,12;1,3;0,82;0,66
B4- CHD4;1,17;2,15;1,27;2,17;1,9;0,55;0,84;1,61;1,87;1,51
B5- ELAC2;1;2,06;1,34;1,63;1,53;0,87;1,12;1,24;2,38;0,92
B6- CDK16;0,76;1,05;0,64;0,69;0,87;0,13;0,29;1,23;0,89;0,18
B7- HAT1;0,94;1,73;0,33;0,81;1,56;0,56;0,27;1,5;1,31;1,99
B8- MAP3K9;0,98;1,33;0,44;0,91;1,47;0,43;1,05;0,26;0,31;0,12
B9- PRKD2;1,26;2,1;1,17;1,8;1,84;1,15;0,88;0,84;0,76;0,74
B10- BAZ1B;1,04;1,26;1,12;1,87;1,76;0,81;0,18;1,09;0,19;0,13
B11- MYLK;1,21;2,01;0,63;0,82;1,37;0,31;1,04;0,06;0,96;0,48
B12- NT (esterno);0,84;1,07;1,2;1,39;0,47;1;1,26;0,57;0,81;1,11
C1- ACE2 (esterno);0,07;0,13;0,31;0,03;0,52;0,01;0,04;0,16;0,52;1
C2- SYNRG;1,11;1,96;1,28;1,85;1,92;1,28;1,39;1,58;1,44;1,31
C3- GOSR2;0,6;0,52;0,53;0,98;0,56;0;0,04;0,93;1,88;0,04
C4- MAP4K4;0,97;1,38;1,2;0,72;1,85;0,03;0,31;0,85;0,38;0,2
C5- NOTCH3;0,81;1,45;0,76;1,29;1,23;0,51;0,1;0,33;0,06;0,01
C6- NT;0,96;1;1;0,98;0,4;0,01;0,35;1,32;0,19;0,94
C7- RND3;0,41;0,89;0,53;0,78;0,61;0,31;0,04;0,07;0,05;0,24
C8- TNIK;0,74;1,18;1,18;0,92;1,37;0,01;0,64;1,41;0,16;0,48
C9- NOTCH1;0,41;1,74;0,82;0,81;1,78;0,22;0,38;0,85;0,31;0,19
C10- SYAP1;0,85;1,34;0,96;1,73;0,64;0,3;0,61;1,35;0,52;0,4
C11- WDR45;0,51;1,38;0,89;0,73;0,72;0,08;0,53;0,27;0,35;0,43
C12- NT (esterno);0,95;1,94;1,14;1,39;1;1,24;1,05;1,37;0,24;0,52
D1- ACE2 (esterno);0,25;0,17;0,02;0,06;0,19;0,02;0,18;0,07;0,06;0,09
D2- CNN2;0,68;1,65;1,26;1,11;1,69;0,28;1,03;1,71;1,12;1,96
D3- CNN3;0,83;1,05;1,01;1,5;1,41;0,72;0,09;1,17;0,24;1,05
D4- HTATIP2;0,75;1,86;1,13;1,74;1,84;0,71;0,57;1,23;0,38;0,14
D5- FAM173A;0,86;1,67;0,72;1,63;1,65;0,21;0,45;0,85;0,17;0,04
D6- PRDX5;0,86;1,77;1,25;1,61;1,48;0,55;0,31;0,83;0,11;0,41
D7- RABEP1;0,91;1,33;0,83;1,61;1,37;0,25;0,4;0,85;0,22;0,01
D8- RIDA;0,87;2,25;1,15;1,97;0,22;0,32;0,86;0,01;0,01;0,01
D9- HPS6;0,2;0,47;0,51;0,67;0,65;0,01;0,02;0,43;0,02;0,02
D10- OVCA2;0,88;2,02;1,07;1,48;1,21;0,27;0,32;0,28;0,04;0
D11- PPFIBP1;1,06;2,04;1,3;1,78;1,15;0,67;1,01;0,19;1,68;1,51
D12- NT (esterno);0,99;1,95;1,28;1,38;1,31;1,18;1,17;0,09;0,43;0,27
E1- NT (esterno);0,77;1,89;0,97;1,03;1,34;0,71;0,92;1;1,16;1,72
E2- PPFIBP2;1,06;2,23;1,28;1,73;1,9;0,71;1;1,64;1,28;1,22
E3- S100A9;0,77;1,62;0,75;1,25;1,24;0,09;0,26;0,69;1,05;0,49
E4- TRMT5;1,09;1,96;1,42;1,84;1,73;0,64;0,77;1,91;1,4;0,49
E5- PLCD1;0,37;1,26;0,65;0,41;1,11;0,17;0,13;1,54;0,11;0,97
E6- EEA1;0,75;1,68;1,02;1,41;0,02;0,06;0,04;1,2;0,37;0,41
E7- PRKAG1;1,1;1,84;1,17;1,61;1,43;0,05;0,05;0,01;0,31;0,08
E8- ABCA1;1,06;2,2;1,22;1,71;1,81;0,53;0,69;0,16;0,18;1,04
E9- NT;1,08;1,35;1,12;1,79;0,94;0,03;0,01;0,08;0,01;0,15
E10- ATP6V1E1;0,61;1,53;0,63;0,77;0,9;0,12;0,04;1,12;0,06;0,02
E11- IRS1;0,99;1,54;0,46;1,25;0,97;0,55;0,82;0,37;0,72;0,48
E12- ACE2 (esterno);0,05;0,06;0,1;0,21;0,01;0,38;0,28;0,02;0,02;0,02
F1- NT (esterno);1,07;1,73;0,82;1,07;1,05;0,98;0,95;1,39;1,8;0,72
F2- MKL1;1,05;1,17;0,88;0,97;1,25;0,39;0,73;0,48;0,49;0,15
F3- PIK3C3;0,76;0,48;0,96;1,45;1,37;0,01;0,11;1,18;0,52;0,04
F4- VKORC1;1,2;2,08;1,44;1,96;0,66;0,47;0,24;1,73;1,56;2,1
F5- AGO2;1,14;2,05;1,15;1,48;1,7;0,66;0,66;1,66;2,41;1,99
F6- ACE2;0,21;0,02;0,1;0,13;0,08;0;0;0,34;0,01;0,17
F7- AGO3;1,08;1,95;1,16;1,31;0,38;0,44;0,57;0,77;0,11;0,18
F8- CNOT1;0,59;1,31;0,9;0,71;0,24;0,01;0,15;0,06;0,04;0,14
F9- CNOT3;0,43;0,68;0,79;0,24;0,1;0,01;0;0,32;0,01;0
F10- ERGIC1;1,07;2,04;1,51;2;1,64;0,82;0,25;1,36;0,37;0,02
F11- HABP4;1,1;1,9;1,17;1,64;0,8;1,03;0,73;0,96;1,55;1,54
F12- ACE2 (esterno);0,12;0,11;0,07;0,14;0,28;0,04;0,09;0,04;0,01;0,1
G1- NT (esterno);0,95;1,04;0,65;0,97;1,08;1,01;1,07;0,94;0,84;1,06
G2- MCAT;0,98;1,91;0,98;1,91;1,65;1,17;0,55;1,34;2;2,01
G3- TMED9;0,73;1,15;1,03;0,91;0,28;0,08;0,03;0,83;0,92;0,37
G4- SSFA2;0,95;0,62;0,83;1,44;0,96;0,37;0,07;1,24;0,33;1,54
G5- NNT;1,18;2,22;1,52;2,01;1,69;1,46;1,14;1,82;1,94;1,71
G6- NPTX1;1;1,27;0,34;1,32;0,81;0,65;0,14;0,49;0,01;0,09
G7- SEPT11;0,94;1,41;1,26;1,41;0,7;0,33;0,17;1,06;0,78;0,15
G8- SEPT8;0,77;1,55;0,78;1,78;1,32;0,33;0,25;0,23;0,61;0,05
G9- MLLT4;1,2;1,75;0,95;1,97;1,87;0,88;0,16;0,66;0,12;0,48
G10- AHNAK2;0,92;1,46;0,45;1,37;0,23;0,01;0,01;0,22;0,05;0,01
G11- NT;1;0,84;0,93;1;0,89;0,79;0,47;0,48;1,35;1,11
G12- ACE2 (esterno);0,1;0,11;0,01;0,15;0,2;0,3;0,26;0;0;0
H1- inf;0,65;0,57;0,48;0,91;0,22;0,14;0,31;0,38;0,44;0,35
H2- PLK;0,93;1,29;0,77;1,19;1,04;0,71;0,53;1;0,96;0,49
H3- PLK;0,55;0,95;0,94;1,37;0,11;0,63;0,91;1,2;0,83;1,15
H4- PLK;0,86;1,82;1,03;1,94;1,66;0,96;1,02;1,04;1,34;0,79
H5- inf;0,66;1,49;0,88;1,35;1,88;1,09;1,08;0,94;1,61;0,87
H6- inf;0,48;1,33;1;0,93;1,13;0,65;0,24;0,89;1,99;1,21
H7- MOCK;0;0;0,01;0;0;0;0;0;0;0
H8- MOCK;0,01;0;0;0,01;0;0;0;0;0;0
H9- MOCK;0;0;0;0;0;0;0;0;0;0
H10- MOCK;0,01;0;0,01;0,01;0;0;0;0;0;0
H11- MOCK;0;0;0;0,01;0;0;0;0;0;0
H12- MOCK;0;0;0;0;0;0;0;0;0;0
A1- MOCK;0;0;0,01;0,01;0;0;0;0;0;0
A2- MOCK;0;0;0;0;0;0;0;0;0;0
A3- MOCK;0;0;0;0;0;0;0;0;0;0
A4- MOCK;0;0;0;0;0;0;0;0;0;0
A5- MOCK;0;0;0,01;0;0,01;0;0;0;0;0
A6- MOCK;0;0;0;0;0;0;0;0;0;0
A7- inf;1,77;1,16;1,08;1,3;0,9;0,75;0,59;1,51;1,75;2,11
A8- inf;1,59;0,99;0,43;0,71;0,86;0,67;0,31;1,06;1,14;0,67
A9- PLK;1,41;0,62;0,89;0,78;0,59;0,7;0,11;0,49;0,14;0,97
A10- PLK;0,99;0,63;0,87;1,28;2,07;0,9;0,68;1,12;1,94;1,13
A11- PLK;1,57;0,74;0,92;1,12;0,83;0,6;0,37;1,08;1,31;1,84
A12- inf;0,55;0,25;0,62;0,74;1,03;0,43;0,26;0,71;0,15;0,16
B1- ACE2 (esterno);0,25;0,14;0,09;0,09;0,05;0,11;0,01;0,69;0,6;0,6
B2- SDPR;1,51;1,13;0,69;1,13;0,64;0,49;0,61;0,89;1,99;1,62
B3- CDH11;1,74;1,21;1,1;1,37;1,89;1,07;1,2;2,17;2,34;2,35
B4- PARP9;1,54;1,26;0,89;1,14;0,99;0,58;0,71;1,3;0,64;0,75
B5- SLC16A7;1,66;1,15;1,1;1,29;1,26;1,08;1,32;2,04;1,83;1,95
B6- GYG1;1,65;0,94;1,08;1,42;1,3;1,04;1,58;2,5;2,2;2,79
B7- GLA;1,9;1,29;1,39;1,5;1,31;1,41;1,49;1,85;1,87;2,13
B8- UBIAD1;2,08;1,24;1,46;1,61;2,71;1,81;1,29;1,82;1,41;2,09
B9- MAN2A1;1,83;1,16;1,23;1,27;2,55;1,56;1,18;1,49;0,75;1,64
B10- PPT1;1,62;0,79;1,04;1,46;0,76;0,73;0,36;0,75;0,53;2,3
B11- PI4K2B;1,52;0,86;0,6;0,82;0,67;0,24;0,18;0,15;0,31;0,05
B12- NT (esterno);1,29;1,02;1,14;1,38;0,94;0,78;1,14;0,7;1,01;0,79
C1- ACE2 (esterno);0,04;0,18;0,19;0,06;0,02;0,04;0,04;0,3;0,08;0,02
C2- ACSL1;1,32;1,16;1,25;1,47;2,41;1,56;1,75;2,11;2,86;2,94
C3- CTSL;1,3;0,56;0,28;0,57;0,32;0,51;0,63;0,37;0,16;0,21
C4- AGA;1,44;0,99;1,02;1,33;1,69;1,51;1,75;1,67;0,68;2,36
C5- ARL8A;1,76;1,21;1,21;1,28;1,3;0,97;1,23;0,96;1,11;2,17
C6- SOD2;1,55;0,63;0,84;0,95;0,32;1,11;1,39;0,88;1,05;2,12
C7- SRD5A3;0,78;1;0,5;0,97;0,22;0,59;0,86;0,62;0,02;1,05
C8- CRYZ;1,47;0,83;0,86;1,11;0,25;0,36;0,92;0,38;0,11;0,26
C9- ME2;1,59;1,08;1,11;1,39;0,98;0,58;1,1;0,92;0,65;2,5
C10- CASP4;1,26;0,83;0,65;0,78;0,08;0,02;0,42;0,17;0,25;0,68
C11- NT;0,92;1,18;1;1;0,72;0,79;1,06;0,58;0,97;1,41
C12- NT (esterno);1,11;1,05;0,77;0,86;0,15;0,19;0,03;0,45;0,01;0,4
D1- ACE2 (esterno);0,09;0,13;0,08;0,1;0,2;0,34;0,22;0,22;0,14;1,25
D2- DHFR;1,6;1,11;0,86;1,29;2,33;1,63;1,69;0,89;0,38;1,76
D3- DSP;1,56;1,15;1,11;0,99;1,69;1,28;1,45;0,33;0,54;1,12
D4- NUP188;0,83;1,01;0,57;0,54;0,55;0,2;0,51;0,74;0,98;0,36
D5- MYLK2;1,25;0,54;0,91;1,28;1,08;0,12;1,09;0,78;1;0,72
D6- OSBPL3;2,03;1,28;1,32;1,54;0,95;0,91;1,46;1,34;1,58;1,86
D7- S100A16;1,6;0,9;0,87;1,22;1,26;0,4;0,71;1,5;0,71;2,38
D8- NAPA;0,29;0,06;0,15;0,15;0,05;0,08;0,01;0;0;0,01
D9- CYB5A;1,6;1,15;1,28;1,18;1,03;0,77;1,4;0,05;0,1;1,33
D10- ADA;1,01;0,34;0,55;0,81;0,14;0,04;0,4;0,09;0,08;0,33
D11- B4GALT1;1,61;1,13;1,3;1,55;1,75;0,07;1,16;0,44;0,11;0,37
D12- NT (esterno);1,04;0,72;1,23;1,36;0,6;1,08;0,94;0,3;0,51;0,42
E1- NT (esterno);1,35;0,92;0,95;0,99;0,84;1,28;1,07;1,89;2,03;0,44
E2- CSNK2B;0,93;0,62;0,65;0,97;0,69;0,21;0,8;0,28;0,21;0,14
E3- VCAM1;0,9;0,32;0,46;1,08;1,17;0,23;0,87;0,48;0,47;1,74
E4- CASK;1,6;1,09;0,99;1,47;0,49;0,21;1,23;1,54;1,72;1,93
E5- AP5Z1;1,01;0,31;0,39;0,41;0,17;0,03;0,42;0,04;0,01;0,08
E6- NUMBL;0,38;0,22;0,42;0,25;0;0,02;0,02;0,01;0,01;0,02
E7- NUP37;1,5;0,31;0,39;0,74;0,16;0,02;0,56;0,02;0,05;2,28
E8- NUP54;0,7;0,46;0,22;0,45;0,14;0,09;0,44;0,04;0,59;0,24
E9- CETN2;0,86;0,25;0,66;0,39;0,07;0,01;0,67;0,18;0,02;0,21
E10- PCID2;0,83;0,17;0,76;1,04;0,43;0,02;0,59;0,26;0,85;1,08
E11- UBL5;0,72;0,53;0,34;0,39;0,23;0,35;0,21;0,04;0;0,03
E12- ACE2 (esterno);0,28;0,13;0,06;0,2;0,11;0;0;0,09;0;0,51
F1- NT (esterno);0,63;0,99;0,79;1,12;1,46;0,92;0,87;1,9;0,99;1
F2- HSBP1;1,68;0,97;1,37;1,59;2,61;1,85;1,98;1,25;1,74;3,03
F3- TSG101;1,78;1,28;1,36;1,44;1,97;0,59;1,27;1,38;1,24;2,78
F4- SGCB;1,09;0,8;1;0,34;0,76;0,19;1,29;0,21;0,09;0,46
F5- NT;1,26;1;0,91;0,87;1,06;0,05;1,23;0,33;0,18;0,33
F6- AGO1;1,61;0,67;0,76;0,81;0;0,39;0,04;0,12;0,1;0,01
F7- FMR1;1,54;0,6;0,88;0,73;0,04;0,29;0,85;0,02;0,03;0,22
F8- FXR1;1,79;1,1;1,25;1,2;0,51;1;1,13;0,03;0,03;0,22
F9- MSI2;1,8;0,85;1,3;1,04;0,78;0,63;1,41;0,89;0,25;0,01
F10- PRRC1;1,83;1,17;1,32;1,32;0,48;0,08;0,46;0,28;0,49;0,86
F11- ACE2;0,33;0,03;0,04;0,04;0,24;0;0,01;0;0,05;0
F12- ACE2 (esterno);0,41;0,11;0,23;0,07;0,15;0,51;0,08;0,01;0,01;0
G1- NT (esterno);1,38;1,06;0,72;1,01;1,82;1,11;0,71;1,3;1,94;0,77
G2- TDRD3;1,85;1,32;1,07;1,37;1,73;1,04;1,43;1,4;2,56;1,75
G3- ERGIC3;1,44;1,27;1,18;1,43;1,64;0,88;0,91;1,11;1,52;1,1
G4- GOLPH3L;1,57;1,29;1,35;1,35;2,64;1,52;1,31;1,88;1,69;2,93
G5- VPS39;0,92;0,75;0,52;0,33;0,84;0,67;0,21;1,6;0,2;0,56
G6- MLLT11;1,82;1,11;1,34;1,22;0,3;1,82;1,28;1,06;1,32;0,48
G7- SNRNP27;1,59;0,67;0,52;1,01;0,2;0,63;0,7;0,69;0,73;0,78
G8- TMED2;0,37;0,27;0,27;0,12;0;0;0;0,01;0,04;0
G9- VPS45;1,87;1,14;0,79;1,37;0,02;0,53;0,18;1,26;0,12;1,68
G10- WLS;0,27;1,07;0,87;1,19;1,07;0,37;0,07;0,96;0,19;0,26
G11- NT;1;0,23;1,15;1,4;1,84;0,21;0,82;1,49;0,26;0,13
G12- ACE2 (esterno);0,11;0,03;0,22;0,17;0,01;0,02;0,01;0,14;0,13;0,03
H1- inf;1,28;0,87;0,87;0,31;1,05;0,73;0,59;1,21;1,31;1,95
H2- PLK;0,88;0,72;0,68;0,81;2,12;1,02;0,58;1,61;1,55;1,63
H3- PLK;1,64;1,09;0,48;0,48;2,42;1,42;1,21;0,37;2,36;1,86
H4- PLK;1,44;0,84;0,94;0,74;0,48;0,98;0,3;0,6;2,16;0,68
H5- inf;0,71;0,66;1,03;1,18;2,86;1,39;1,53;1,57;1,22;1,25
H6- MOCK;0,96;0,65;1,1;0,94;1,54;1,03;0,31;1,19;0,8;0,45
H7- MOCK;0;0,01;0,01;0;0;0;0;0;0;0
H8- MOCK;0;0;0;0;0;0;0;0;0;0
H9- MOCK;0;0;0;0,01;0;0;0;0;0;0
H10- MOCK;0;0;0,01;0;0;0;0;0;0;0
H11- MOCK;0,01;0;0;0,01;0;0;0;0;0;0
H12- MOCK;0,02;0;0;0;0;0;0;0;0;0
